,Away,Date,Home,MLA,MLH,OU,Spread
0,NYK,2016/10/25,CLE,355,-450.0,205.5,9.5
1,UTA,2016/10/25,POR,195,-235.0,194.0,6.0
2,SAS,2016/10/25,GSW,325,-400.0,210.5,8.0
3,MIA,2016/10/26,ORL,135,-155.0,202.0,4.0
4,DAL,2016/10/26,IND,185,-215.0,207.5,5.0
5,DET,2016/10/26,TOR,210,-260.0,195.0,7.0
6,BKN,2016/10/26,BOS,601,-902.0,209.0,14.0
7,MIN,2016/10/26,MEM,-120,100.0,197.0,3.5
8,CHA,2016/10/26,MIL,-120,100.0,196.0,0.0
9,OKC,2016/10/26,PHI,-460,365.0,208.0,7.0
10,DEN,2016/10/26,NOP,105,-125.0,208.5,4.0
11,SAC,2016/10/26,PHX,130,-150.0,210.0,3.0
12,HOU,2016/10/26,LAL,-260,210.0,220.0,5.0
13,WAS,2016/10/27,ATL,155,-175.0,203.5,2.5
14,BOS,2016/10/27,CHI,-105,-115.0,210.5,1.0
15,LAC,2016/10/27,POR,-140,120.0,208.5,1.5
16,SAS,2016/10/27,SAC,-360,295.0,206.0,8.0
17,CLE,2016/10/28,TOR,-145,125.0,204.5,3.0
18,ORL,2016/10/28,DET,160,-180.0,197.0,4.0
19,IND,2016/10/28,BKN,-230,190.0,211.5,6.5
20,PHX,2016/10/28,OKC,280,-345.0,211.0,10.5
21,CHA,2016/10/28,MIA,-120,100.0,198.0,1.5
22,HOU,2016/10/28,DAL,-130,110.0,217.0,2.0
23,LAL,2016/10/28,UTA,370,-465.0,199.0,9.5
24,GSW,2016/10/28,NOP,-1000,700.0,217.0,9.5
25,ATL,2016/10/29,PHI,-370,285.0,204.0,6.5
26,BOS,2016/10/29,CHA,-145,125.0,206.0,0.0
27,ORL,2016/10/29,CLE,500,-800.0,207.0,11.5
28,MEM,2016/10/29,NYK,135,-155.0,200.0,2.5
29,BKN,2016/10/29,MIL,280,-360.0,206.0,6.5
30,IND,2016/10/29,CHI,145,-165.0,210.0,3.0
31,NOP,2016/10/29,SAS,900,-1900.0,206.0,12.5
32,POR,2016/10/29,DEN,-125,105.0,211.0,1.0
33,MIN,2016/10/29,SAC,-110,-110.0,203.5,2.5
34,UTA,2016/10/30,LAC,295,-360.0,196.0,8.0
35,GSW,2016/10/30,PHX,-791,570.0,225.0,12.0
36,MIL,2016/10/30,DET,250,-315.0,193.5,7.0
37,SAS,2016/10/30,MIA,-290,230.0,195.0,6.0
38,LAL,2016/10/30,OKC,355,-450.0,214.0,8.5
39,WAS,2016/10/30,MEM,-160,140.0,202.5,1.0
40,DAL,2016/10/30,HOU,200,-240.0,216.0,6.5
41,DEN,2016/10/31,TOR,230,-290.0,204.0,7.5
42,CHI,2016/10/31,BKN,-245,205.0,210.5,5.5
43,SAC,2016/10/31,ATL,250,-310.0,202.5,7.5
44,PHX,2016/10/31,LAC,750,-1150.0,207.0,10.5
45,HOU,2016/11/01,CLE,420,-540.0,218.0,8.5
46,LAL,2016/11/01,IND,355,-450.0,216.0,9.5
47,ORL,2016/11/01,PHI,-202,172.0,199.0,4.0
48,NYK,2016/11/01,DET,150,-170.0,198.0,3.5
49,SAC,2016/11/01,MIA,145,-165.0,201.0,4.0
50,MEM,2016/11/01,MIN,285,-350.0,199.0,5.5
51,MIL,2016/11/01,NOP,145,-165.0,206.0,3.0
52,UTA,2016/11/01,SAS,435,-575.0,189.0,11.0
53,GSW,2016/11/01,POR,-240,200.0,225.0,6.0
54,TOR,2016/11/02,WAS,105,-125.0,203.0,1.0
55,PHI,2016/11/02,CHA,850,-1350.0,195.0,11.5
56,HOU,2016/11/02,NYK,-105,-115.0,213.5,1.0
57,LAL,2016/11/02,ATL,750,-1150.0,208.0,11.0
58,DET,2016/11/02,BKN,-170,150.0,204.5,4.0
59,NOP,2016/11/02,MEM,175,-205.0,206.0,6.0
60,CHI,2016/11/02,BOS,144,-164.0,209.5,2.5
61,DAL,2016/11/02,UTA,140,-160.0,188.0,4.5
62,POR,2016/11/02,PHX,-150,130.0,215.5,3.5
63,OKC,2016/11/02,LAC,240,-300.0,205.0,6.0
64,SAC,2016/11/03,ORL,-120,100.0,202.0,2.0
65,BOS,2016/11/03,CLE,450,-700.0,210.0,7.0
66,DEN,2016/11/03,MIN,145,-165.0,209.0,3.5
67,IND,2016/11/03,MIL,-145,125.0,210.0,2.5
68,OKC,2016/11/03,GSW,525,-850.0,226.5,10.0
69,ATL,2016/11/04,WAS,100,-120.0,207.0,2.0
70,CHA,2016/11/04,BKN,-275,225.0,206.0,5.5
71,MIA,2016/11/04,TOR,240,-300.0,199.0,7.5
72,NYK,2016/11/04,CHI,255,-320.0,208.0,6.5
73,PHX,2016/11/04,NOP,125,-145.0,211.0,4.0
74,LAC,2016/11/04,MEM,-235,195.0,196.5,4.0
75,POR,2016/11/04,DAL,-135,115.0,208.0,1.5
76,SAS,2016/11/04,UTA,-165,145.0,186.0,5.0
77,GSW,2016/11/04,LAL,-900,600.0,226.5,10.5
78,MIN,2016/11/05,OKC,170,-200.0,207.0,5.0
79,DEN,2016/11/05,DET,170,-200.0,203.0,3.5
80,CLE,2016/11/05,PHI,-1000,700.0,204.5,13.0
81,WAS,2016/11/05,ORL,220,-270.0,205.0,1.5
82,CHI,2016/11/05,IND,145,-165.0,215.0,2.5
83,HOU,2016/11/05,ATL,135,-155.0,217.0,3.0
84,SAC,2016/11/05,MIL,145,-165.0,203.0,2.5
85,LAC,2016/11/05,SAS,170,-200.0,195.5,5.5
86,UTA,2016/11/06,NYK,-140,120.0,194.0,1.5
87,POR,2016/11/06,MEM,-110,-110.0,203.5,1.5
88,SAC,2016/11/06,TOR,270,-330.0,201.0,10.0
89,MIL,2016/11/06,DAL,135,-155.0,198.0,2.0
90,DEN,2016/11/06,BOS,270,-330.0,212.0,7.0
91,PHX,2016/11/06,LAL,155,-175.0,216.0,3.0
92,IND,2016/11/07,CHA,120,-140.0,206.0,3.0
93,HOU,2016/11/07,WAS,-105,-115.0,219.0,1.5
94,UTA,2016/11/07,PHI,-200,170.0,193.5,8.0
95,MIA,2016/11/07,OKC,190,-230.0,203.0,6.5
96,ORL,2016/11/07,CHI,240,-300.0,205.0,7.0
97,DET,2016/11/07,LAC,305,-375.0,196.0,8.5
98,NOP,2016/11/07,GSW,1700,-5000.0,224.0,16.0
99,ATL,2016/11/08,CLE,300,-360.0,205.0,8.5
100,MIN,2016/11/08,BKN,-185,165.0,204.0,3.5
101,DEN,2016/11/08,MEM,145,-165.0,201.0,2.0
102,PHX,2016/11/08,POR,330,-400.0,215.5,8.5
103,NOP,2016/11/08,SAC,240,-280.0,203.0,5.5
104,DAL,2016/11/08,LAL,165,-185.0,205.5,4.5
105,MIN,2016/11/09,ORL,120,-140.0,200.0,0.0
106,BKN,2016/11/09,NYK,300,-360.0,211.0,7.5
107,BOS,2016/11/09,WAS,105,-125.0,214.0,1.5
108,UTA,2016/11/09,CHA,130,-150.0,192.0,2.0
109,PHI,2016/11/09,IND,650,-1000.0,209.0,11.5
110,CHI,2016/11/09,ATL,140,-160.0,203.0,3.5
111,TOR,2016/11/09,OKC,135,-155.0,199.5,3.5
112,DET,2016/11/09,PHX,-180,160.0,203.0,2.5
113,HOU,2016/11/09,SAS,350,-420.0,212.5,7.0
114,POR,2016/11/09,LAC,500,-700.0,207.0,8.5
115,DAL,2016/11/09,GSW,1900,-9000.0,209.5,16.5
116,NOP,2016/11/10,MIL,175,-205.0,205.5,5.5
117,CHI,2016/11/10,MIA,-103,-117.0,198.0,0.0
118,GSW,2016/11/10,DEN,-270,220.0,221.5,6.5
119,LAL,2016/11/10,SAC,185,-215.0,210.0,4.5
120,IND,2016/11/11,PHI,-210,175.0,213.0,5.0
121,UTA,2016/11/11,ORL,-200,170.0,192.0,4.0
122,CLE,2016/11/11,WAS,-350,275.0,208.5,6.5
123,TOR,2016/11/11,CHA,-115,-105.0,198.0,3.0
124,NYK,2016/11/11,BOS,160,-180.0,217.0,6.0
125,LAC,2016/11/11,OKC,-200,170.0,202.5,4.5
126,DET,2016/11/11,SAS,375,-550.0,195.0,9.0
127,SAC,2016/11/11,POR,270,-340.0,211.0,5.5
128,BOS,2016/11/12,IND,-125,105.0,221.0,2.5
129,LAL,2016/11/12,NOP,-115,-105.0,213.0,1.5
130,NYK,2016/11/12,TOR,260,-320.0,207.0,8.0
131,PHI,2016/11/12,ATL,1200,-2500.0,205.0,13.5
132,SAS,2016/11/12,HOU,-130,110.0,209.5,2.0
133,LAC,2016/11/12,MIN,-220,180.0,204.0,6.0
134,WAS,2016/11/12,CHI,425,-650.0,203.5,9.0
135,UTA,2016/11/12,MIA,-120,100.0,187.5,2.5
136,MEM,2016/11/12,MIL,125,-145.0,200.0,3.0
137,BKN,2016/11/12,PHX,170,-200.0,217.5,5.0
138,DET,2016/11/12,DEN,175,-210.0,202.5,3.5
139,CHA,2016/11/13,CLE,260,-320.0,209.0,8.0
140,LAL,2016/11/13,MIN,-110,-110.0,215.0,4.5
141,ORL,2016/11/13,OKC,375,-550.0,204.0,9.0
142,PHX,2016/11/13,GSW,1500,-5000.0,230.0,16.0
143,DEN,2016/11/13,POR,265,-330.0,217.0,4.0
144,ORL,2016/11/14,IND,290,-350.0,207.0,6.0
145,OKC,2016/11/14,DET,-120,100.0,200.0,2.0
146,DAL,2016/11/14,NYK,155,-175.0,204.0,4.5
147,BOS,2016/11/14,NOP,-165,145.0,211.5,5.5
148,PHI,2016/11/14,HOU,650,-1000.0,215.0,11.5
149,MIA,2016/11/14,SAS,550,-800.0,191.0,11.0
150,MEM,2016/11/14,UTA,220,-260.0,187.0,6.0
151,BKN,2016/11/14,LAC,1500,-5000.0,211.0,15.0
152,TOR,2016/11/15,CLE,210,-250.0,207.0,6.0
153,ATL,2016/11/15,MIA,-265,225.0,198.0,5.5
154,CHA,2016/11/15,MIN,-120,100.0,206.0,1.5
155,CHI,2016/11/15,POR,170,-190.0,212.0,2.5
156,BKN,2016/11/15,LAL,245,-290.0,219.0,7.0
157,CLE,2016/11/16,IND,130,-150.0,213.0,5.0
158,NOP,2016/11/16,ORL,270,-330.0,201.0,5.0
159,WAS,2016/11/16,PHI,-290,245.0,208.0,5.0
160,MIL,2016/11/16,ATL,190,-220.0,207.0,8.5
161,DAL,2016/11/16,BOS,210,-250.0,204.5,8.0
162,DET,2016/11/16,NYK,105,-125.0,203.0,3.5
163,GSW,2016/11/16,TOR,-240,200.0,219.0,3.0
164,HOU,2016/11/16,OKC,120,-140.0,218.5,1.5
165,PHX,2016/11/16,DEN,165,-185.0,218.5,5.0
166,SAS,2016/11/16,SAC,-230,195.0,194.0,6.5
167,MEM,2016/11/16,LAC,750,-1200.0,202.5,11.5
168,NYK,2016/11/17,WAS,175,-200.0,205.5,3.0
169,MIL,2016/11/17,MIA,150,-170.0,198.0,3.5
170,POR,2016/11/17,HOU,190,-220.0,220.0,5.0
171,PHI,2016/11/17,MIN,600,-900.0,214.0,10.0
172,CHI,2016/11/17,UTA,135,-155.0,1955.5,3.5
173,PHX,2016/11/18,IND,155,-175.0,219.0,8.0
174,ATL,2016/11/18,CHA,110,-130.0,206.0,3.0
175,DET,2016/11/18,CLE,350,-420.0,205.0,10.0
176,BKN,2016/11/18,OKC,400,-500.0,218.0,9.0
177,GSW,2016/11/18,BOS,-400,330.0,225.0,7.0
178,POR,2016/11/18,NOP,-110,-110.0,214.5,2.0
179,MEM,2016/11/18,DAL,-175,155.0,191.5,1.5
180,TOR,2016/11/18,DEN,-160,140.0,216.0,4.0
181,LAC,2016/11/18,SAC,-370,310.0,204.5,7.0
182,SAS,2016/11/18,LAL,-360,300.0,208.0,5.5
183,UTA,2016/11/19,HOU,240,-280.0,200.0,3.5
184,BOS,2016/11/19,DET,110,-130.0,201.0,2.5
185,DAL,2016/11/19,ORL,300,-360.0,184.0,5.5
186,MIA,2016/11/19,WAS,175,-200.0,198.5,4.5
187,CHA,2016/11/19,NOP,-135,115.0,206.0,5.0
188,PHX,2016/11/19,PHI,-135,115.0,215.0,2.0
189,MIN,2016/11/19,MEM,-115,-105.0,204.5,0.0
190,GSW,2016/11/19,MIL,-420,350.0,223.0,9.5
191,CHI,2016/11/19,LAC,320,-380.0,205.5,7.5
192,ATL,2016/11/20,NYK,-185,165.0,210.0,2.5
193,POR,2016/11/20,BKN,-180,160.0,221.0,4.0
194,IND,2016/11/20,OKC,400,-500.0,211.5,9.0
195,UTA,2016/11/20,DEN,155,-175.0,198.0,2.0
196,TOR,2016/11/20,SAC,-165,145.0,208.0,4.5
197,CHI,2016/11/20,LAL,125,-145.0,211.5,3.5
198,PHX,2016/11/21,WAS,270,-330.0,219.0,7.5
199,GSW,2016/11/21,IND,-2000,1000.0,222.5,11.5
200,MIA,2016/11/21,PHI,-175,155.0,198.0,4.0
201,MEM,2016/11/21,CHA,180,-210.0,196.5,6.0
202,HOU,2016/11/21,DET,-140,120.0,204.0,1.0
203,ORL,2016/11/21,MIL,240,-280.0,200.0,5.5
204,BOS,2016/11/21,MIN,-130,110.0,210.0,1.0
205,DAL,2016/11/21,SAS,1000,-2000.0,180.0,17.0
206,TOR,2016/11/21,LAC,375,-450.0,210.5,7.0
207,NOP,2016/11/22,ATL,305,-375.0,208.0,8.0
208,POR,2016/11/22,NYK,-105,-115.0,215.5,2.0
209,CHI,2016/11/22,DEN,-120,100.0,207.5,1.0
210,OKC,2016/11/22,LAL,-160,140.0,220.0,1.5
211,PHX,2016/11/23,ORL,150,-170.0,206.5,4.5
212,POR,2016/11/23,CLE,650,-1000.0,218.5,11.0
213,ATL,2016/11/23,IND,-120,100.0,208.0,2.5
214,SAS,2016/11/23,CHA,-230,195.0,198.5,3.0
215,MEM,2016/11/23,PHI,-220,190.0,197.5,5.0
216,MIA,2016/11/23,DET,170,-190.0,190.0,4.5
217,BOS,2016/11/23,BKN,-320,265.0,213.0,7.0
218,TOR,2016/11/23,HOU,155,-175.0,219.0,3.0
219,LAC,2016/11/23,DAL,-600,450.0,191.5,9.0
220,DEN,2016/11/23,UTA,300,-360.0,196.5,4.5
221,MIN,2016/11/23,NOP,-145,125.0,210.0,0.0
222,OKC,2016/11/23,SAC,105,-125.0,208.0,1.0
223,LAL,2016/11/23,GSW,2000,-9900.0,231.0,16.0
224,SAS,2016/11/25,BOS,-165,145.0,203.5,2.5
225,WAS,2016/11/25,ORL,-130,110.0,201.0,1.0
226,CHA,2016/11/25,NYK,-125,105.0,209.5,0.0
227,DAL,2016/11/25,CLE,800,-1400.0,203.0,16.0
228,LAC,2016/11/25,DET,-260,220.0,199.0,6.5
229,CHI,2016/11/25,PHI,-500,400.0,203.5,8.0
230,ATL,2016/11/25,UTA,140,-160.0,194.0,2.5
231,TOR,2016/11/25,MIL,-155,135.0,211.0,3.0
232,MIA,2016/11/25,MEM,180,-210.0,185.5,6.5
233,BKN,2016/11/25,IND,190,-220.0,214.0,8.0
234,MIN,2016/11/25,PHX,-130,110.0,216.0,1.5
235,OKC,2016/11/25,DEN,-150,130.0,213.5,1.5
236,NOP,2016/11/25,POR,145,-165.0,219.0,4.5
237,HOU,2016/11/25,SAC,-165,145.0,216.0,3.0
238,GSW,2016/11/25,LAL,-1800,950.0,233.0,12.0
239,NYK,2016/11/26,CHA,200,-240.0,209.0,6.0
240,SAS,2016/11/26,WAS,-260,220.0,203.0,5.0
241,DET,2016/11/26,OKC,160,-180.0,203.0,5.0
242,MEM,2016/11/26,MIA,-120,100.0,184.0,0.0
243,MIN,2016/11/26,GSW,800,-1400.0,223.0,14.0
244,CLE,2016/11/27,PHI,-900,600.0,209.5,12.5
245,DEN,2016/11/27,PHX,120,-140.0,215.5,1.0
246,SAC,2016/11/27,BKN,-205,175.0,218.0,3.0
247,MIL,2016/11/27,ORL,115,-135.0,194.0,1.0
248,LAC,2016/11/27,IND,-800,575.0,207.5,10.5
249,NOP,2016/11/27,DAL,-205,175.0,200.5,2.5
250,HOU,2016/11/27,POR,-115,-105.0,225.0,1.5
251,ATL,2016/11/27,LAL,-245,205.0,212.0,4.0
252,SAC,2016/11/28,WAS,175,-205.0,210.0,4.5
253,PHI,2016/11/28,TOR,1000,-2000.0,213.5,14.5
254,OKC,2016/11/28,NYK,-115,-105.0,214.5,0.0
255,BOS,2016/11/28,MIA,-180,160.0,196.0,3.5
256,UTA,2016/11/28,MIN,-150,130.0,196.0,0.0
257,CHA,2016/11/28,MEM,-130,110.0,196.0,2.5
258,ATL,2016/11/28,GSW,950,-1650.0,218.0,13.0
259,DET,2016/11/29,CHA,145,-165.0,196.0,4.0
260,LAC,2016/11/29,BKN,-750,525.0,219.0,12.0
261,CLE,2016/11/29,MIL,-330,270.0,211.0,7.5
262,LAL,2016/11/29,NOP,200,-240.0,217.0,5.0
263,ORL,2016/11/29,SAS,800,-1400.0,197.0,14.5
264,HOU,2016/11/29,UTA,-120,100.0,204.0,1.0
265,MEM,2016/11/30,TOR,850,-1450.0,195.5,10.0
266,DET,2016/11/30,BOS,215,-265.0,197.5,7.0
267,WAS,2016/11/30,OKC,170,-200.0,212.0,5.5
268,NYK,2016/11/30,MIN,155,-175.0,211.5,3.5
269,LAL,2016/11/30,CHI,465,-615.0,212.0,10.0
270,SAS,2016/11/30,DAL,-425,345.0,192.0,10.0
271,MIA,2016/11/30,DEN,220,-270.0,205.0,4.5
272,ATL,2016/11/30,PHX,-165,145.0,209.5,6.5
273,IND,2016/11/30,POR,250,-315.0,215.0,7.5
274,DAL,2016/12/01,CHA,650,-1000.0,194.0,9.5
275,MIL,2016/12/01,BKN,-210,180.0,216.5,3.5
276,LAC,2016/12/01,CLE,150,-170.0,215.5,4.0
277,ORL,2016/12/01,MEM,-170,150.0,181.5,2.0
278,MIA,2016/12/01,UTA,230,-270.0,189.0,9.0
279,HOU,2016/12/01,GSW,525,-750.0,230.0,9.5
280,ORL,2016/12/02,PHI,-110,-110.0,196.0,1.0
281,LAL,2016/12/02,TOR,400,-500.0,216.0,10.5
282,SAC,2016/12/02,BOS,210,-250.0,208.0,7.0
283,MIN,2016/12/02,NYK,-145,125.0,210.0,3.5
284,DET,2016/12/02,ATL,105,-125.0,194.0,3.5
285,CLE,2016/12/02,CHI,-120,100.0,210.0,1.5
286,LAC,2016/12/02,NOP,-180,160.0,207.0,4.5
287,WAS,2016/12/02,SAS,375,-450.0,203.0,9.0
288,HOU,2016/12/02,DEN,140,-160.0,222.0,1.5
289,BKN,2016/12/03,MIL,425,-550.0,217.0,9.5
290,MIN,2016/12/03,CHA,210,-250.0,206.5,5.5
291,ATL,2016/12/03,TOR,330,-400.0,207.0,8.5
292,BOS,2016/12/03,PHI,-550,425.0,205.0,8.5
293,LAL,2016/12/03,MEM,125,-145.0,203.0,0.0
294,CHI,2016/12/03,DAL,-165,145.0,189.0,5.5
295,DEN,2016/12/03,UTA,260,-310.0,197.5,5.5
296,MIA,2016/12/03,POR,205,-245.0,214.5,6.5
297,PHX,2016/12/03,GSW,1600,-6000.0,228.5,16.5
298,ORL,2016/12/04,DET,260,-325.0,192.0,7.0
299,NOP,2016/12/04,OKC,210,-260.0,213.0,6.0
300,SAC,2016/12/04,NYK,-105,-115.0,210.0,3.0
301,IND,2016/12/04,LAC,550,-750.0,204.0,12.0
302,DEN,2016/12/05,PHI,-165,145.0,211.0,4.0
303,OKC,2016/12/05,ATL,155,-175.0,209.5,0.0
304,CLE,2016/12/05,TOR,105,-125.0,216.0,2.0
305,WAS,2016/12/05,BKN,-275,235.0,217.0,4.5
306,MEM,2016/12/05,NOP,155,-175.0,200.0,6.5
307,POR,2016/12/05,CHI,155,-175.0,216.5,6.5
308,SAS,2016/12/05,MIL,-240,200.0,203.5,5.0
309,BOS,2016/12/05,HOU,190,-220.0,219.5,4.5
310,CHA,2016/12/05,DAL,-165,145.0,190.0,4.0
311,UTA,2016/12/05,LAL,-180,160.0,197.5,2.5
312,IND,2016/12/05,GSW,1100,-2100.0,221.0,13.5
313,ORL,2016/12/06,WAS,130,-150.0,195.0,4.5
314,CHI,2016/12/06,DET,195,-230.0,198.0,4.0
315,NYK,2016/12/06,MIA,100,-120.0,202.5,2.0
316,PHI,2016/12/06,MEM,250,-300.0,195.0,8.5
317,SAS,2016/12/06,MIN,-180,160.0,206.0,4.0
318,PHX,2016/12/06,UTA,250,-300.0,204.0,9.0
319,DET,2016/12/07,CHA,190,-220.0,204.0,4.0
320,BOS,2016/12/07,ORL,-115,-105.0,200.5,3.0
321,DEN,2016/12/07,BKN,-185,165.0,221.0,4.5
322,MIA,2016/12/07,ATL,375,-450.0,198.0,6.5
323,LAL,2016/12/07,HOU,1000,-2000.0,222.0,11.5
324,CLE,2016/12/07,NYK,-380,320.0,217.0,7.0
325,POR,2016/12/07,MIL,105,-125.0,218.0,2.0
326,SAC,2016/12/07,DAL,-150,130.0,190.0,2.0
327,IND,2016/12/07,PHX,-170,150.0,217.0,3.0
328,GSW,2016/12/07,LAC,-165,145.0,223.0,3.5
329,DEN,2016/12/08,WAS,195,-230.0,218.0,5.0
330,MIN,2016/12/08,TOR,400,-500.0,215.5,8.0
331,POR,2016/12/08,MEM,-130,110.0,205.5,3.0
332,PHI,2016/12/08,NOP,205,-245.0,205.0,9.5
333,GSW,2016/12/08,UTA,-800,550.0,214.0,5.0
334,SAS,2016/12/08,CHI,-160,140.0,199.0,3.0
335,ORL,2016/12/09,CHA,240,-280.0,199.5,7.0
336,MIA,2016/12/09,CLE,600,-900.0,210.5,13.0
337,TOR,2016/12/09,BOS,120,-140.0,208.5,3.0
338,ATL,2016/12/09,MIL,135,-155.0,205.5,2.0
339,DET,2016/12/09,MIN,-155,135.0,204.0,1.0
340,HOU,2016/12/09,OKC,-120,100.0,224.0,1.0
341,IND,2016/12/09,DAL,-165,145.0,198.5,4.5
342,NYK,2016/12/09,SAC,190,-220.0,211.0,4.0
343,PHX,2016/12/09,LAL,105,-125.0,217.0,3.0
344,DEN,2016/12/10,ORL,-125,105.0,203.5,1.0
345,MIL,2016/12/10,WAS,160,-180.0,208.0,4.5
346,POR,2016/12/10,IND,-115,-105.0,216.0,1.0
347,CHA,2016/12/10,CLE,285,-350.0,212.0,7.5
348,DAL,2016/12/10,HOU,700,-1000.0,207.0,13.0
349,MIA,2016/12/10,CHI,380,-475.0,198.0,9.5
350,GSW,2016/12/10,MEM,-1300,800.0,209.0,10.5
351,BKN,2016/12/10,SAS,1050,-2650.0,212.0,14.5
352,SAC,2016/12/10,UTA,210,-260.0,198.5,7.0
353,NOP,2016/12/10,LAC,1000,-2000.0,203.5,13.0
354,PHI,2016/12/11,DET,700,-1000.0,199.5,12.5
355,BOS,2016/12/11,OKC,135,-155.0,209.0,4.5
356,GSW,2016/12/11,MIN,-520,400.0,223.0,9.5
357,NOP,2016/12/11,PHX,105,-125.0,208.0,4.5
358,NYK,2016/12/11,LAL,-140,120.0,217.5,2.0
359,CHA,2016/12/12,IND,-110,-110.0,210.5,0.0
360,MIL,2016/12/12,TOR,300,-360.0,211.5,8.5
361,WAS,2016/12/12,MIA,-115,-105.0,205.0,1.0
362,BKN,2016/12/12,HOU,750,-1200.0,227.5,15.0
363,DEN,2016/12/12,DAL,-155,135.0,203.5,1.0
364,LAL,2016/12/12,SAC,330,-400.0,214.0,7.0
365,POR,2016/12/12,LAC,425,-550.0,218.5,9.0
366,MEM,2016/12/13,CLE,900,-1600.0,203.0,12.5
367,ORL,2016/12/13,ATL,320,-380.0,197.5,6.5
368,MIN,2016/12/13,CHI,190,-220.0,208.0,7.0
369,GSW,2016/12/13,NOP,-800,550.0,224.5,10.0
370,NYK,2016/12/13,PHX,-135,115.0,221.0,3.5
371,OKC,2016/12/13,POR,125,-145.0,219.5,1.0
372,IND,2016/12/14,MIA,-115,-105.0,206.0,1.0
373,TOR,2016/12/14,PHI,-380,320.0,208.0,9.0
374,LAC,2016/12/14,ORL,-420,350.0,206.0,8.5
375,CHA,2016/12/14,WAS,-130,110.0,210.0,0.0
376,LAL,2016/12/14,BKN,-115,-105.0,226.0,0.0
377,CLE,2016/12/14,MEM,260,-310.0,203.0,7.5
378,SAC,2016/12/14,HOU,800,-1400.0,216.0,9.5
379,DET,2016/12/14,DAL,-220,190.0,192.0,4.0
380,OKC,2016/12/14,UTA,280,-340.0,199.0,4.0
381,BOS,2016/12/14,SAS,220,-260.0,201.5,7.5
382,IND,2016/12/15,NOP,139,-159.0,211.0,3.5
383,CHI,2016/12/15,MIL,-118,-102.0,206.5,2.5
384,SAS,2016/12/15,PHX,-355,290.0,210.0,8.5
385,POR,2016/12/15,DEN,125,-145.0,224.0,1.0
386,NYK,2016/12/15,GSW,1700,-5500.0,226.5,15.0
387,BKN,2016/12/16,ORL,240,-280.0,219.5,6.5
388,DET,2016/12/16,WAS,-120,100.0,202.0,0.0
389,ATL,2016/12/16,TOR,245,-290.0,213.0,7.5
390,CHA,2016/12/16,BOS,210,-250.0,206.0,7.5
391,MIL,2016/12/16,CHI,190,-220.0,206.5,4.5
392,SAC,2016/12/16,MEM,180,-210.0,194.5,4.0
393,NOP,2016/12/16,HOU,600,-900.0,220.0,10.0
394,LAL,2016/12/16,PHI,100,-120.0,207.5,1.0
395,LAC,2016/12/16,MIA,-400,330.0,206.5,6.5
396,DAL,2016/12/16,UTA,550,-800.0,188.0,11.0
397,PHX,2016/12/17,OKC,240,-280.0,214.5,8.0
398,IND,2016/12/17,DET,170,-190.0,200.0,4.0
399,LAL,2016/12/17,CLE,1400,-4000.0,218.5,17.0
400,CHA,2016/12/17,ATL,120,-140.0,206.5,2.0
401,HOU,2016/12/17,MIN,-140,120.0,221.0,4.5
402,NYK,2016/12/17,DEN,150,-170.0,217.5,2.0
403,POR,2016/12/17,GSW,900,-1600.0,232.0,14.0
404,LAC,2016/12/18,WAS,-215,185.0,216.0,5.0
405,BKN,2016/12/18,PHI,100,-120.0,217.5,3.5
406,BOS,2016/12/18,MIA,-170,150.0,203.0,4.5
407,TOR,2016/12/18,ORL,-230,190.0,218.5,6.0
408,UTA,2016/12/18,MEM,-115,-105.0,185.0,1.5
409,SAC,2016/12/18,DAL,-115,-105.0,195.5,1.0
410,NOP,2016/12/18,SAS,600,-900.0,200.0,12.0
411,WAS,2016/12/19,IND,175,-205.0,211.5,6.0
412,ATL,2016/12/19,OKC,135,-155.0,211.0,3.5
413,DET,2016/12/19,CHI,115,-135.0,195.0,4.0
414,PHX,2016/12/19,MIN,210,-260.0,216.0,5.5
415,DAL,2016/12/19,DEN,300,-365.0,205.5,9.0
416,NOP,2016/12/20,PHI,-155,135.0,207.0,1.0
417,LAL,2016/12/20,CHA,375,-450.0,213.5,9.5
418,BKN,2016/12/20,TOR,1100,-2500.0,225.0,16.0
419,ORL,2016/12/20,MIA,145,-165.0,197.5,2.5
420,IND,2016/12/20,NYK,170,-190.0,210.5,5.0
421,BOS,2016/12/20,MEM,-130,110.0,192.0,2.0
422,CLE,2016/12/20,MIL,-160,140.0,213.5,3.5
423,SAS,2016/12/20,HOU,-110,-110.0,212.5,2.0
424,POR,2016/12/20,SAC,-115,-105.0,215.0,3.0
425,DEN,2016/12/20,LAC,300,-360.0,214.0,8.5
426,UTA,2016/12/20,GSW,750,-1200.0,211.0,10.5
427,MIL,2016/12/21,CLE,255,-320.0,210.5,8.0
428,MEM,2016/12/21,DET,215,-265.0,185.0,5.5
429,MIN,2016/12/21,ATL,155,-175.0,212.0,5.0
430,WAS,2016/12/21,CHI,160,-180.0,208.0,5.0
431,OKC,2016/12/21,NOP,-125,105.0,210.0,1.0
432,HOU,2016/12/21,PHX,-245,205.0,223.0,7.0
433,SAC,2016/12/21,UTA,295,-360.0,192.5,7.0
434,DAL,2016/12/21,POR,205,-245.0,209.0,6.0
435,ORL,2016/12/22,NYK,160,-180.0,210.5,5.5
436,LAL,2016/12/22,MIA,210,-250.0,208.0,4.5
437,GSW,2016/12/22,BKN,-1600,900.0,231.0,14.0
438,BOS,2016/12/22,IND,-120,100.0,208.5,1.0
439,SAS,2016/12/22,LAC,-155,135.0,207.0,1.5
440,CHI,2016/12/23,CHA,160,-180.0,203.0,3.5
441,LAL,2016/12/23,ORL,180,-210.0,213.0,4.0
442,GSW,2016/12/23,DET,-345,280.0,212.5,7.0
443,BKN,2016/12/23,CLE,1400,-4000.0,221.0,16.5
444,OKC,2016/12/23,BOS,190,-230.0,209.0,4.5
445,WAS,2016/12/23,MIL,130,-150.0,211.0,3.0
446,MIA,2016/12/23,NOP,165,-185.0,203.0,4.5
447,HOU,2016/12/23,MEM,-160,140.0,207.0,2.5
448,SAC,2016/12/23,MIN,175,-205.0,208.5,3.0
449,PHI,2016/12/23,PHX,210,-260.0,210.0,4.0
450,ATL,2016/12/23,DEN,210,-260.0,220.5,3.0
451,TOR,2016/12/23,UTA,-115,-105.0,201.0,1.0
452,SAS,2016/12/23,POR,-125,105.0,211.5,3.0
453,DAL,2016/12/23,LAC,150,-170.0,195.5,5.5
454,BOS,2016/12/25,NYK,-116,-104.0,212.0,1.5
455,GSW,2016/12/25,CLE,-155,135.0,224.5,1.5
456,CHI,2016/12/25,SAS,370,-465.0,200.0,8.5
457,MIN,2016/12/25,OKC,155,-175.0,212.0,5.0
458,LAC,2016/12/25,LAL,-140,120.0,215.0,6.0
459,MEM,2016/12/26,ORL,-155,135.0,193.5,1.0
460,MIL,2016/12/26,WAS,140,-160.0,213.0,5.0
461,CLE,2016/12/26,DET,190,-220.0,207.5,4.5
462,CHA,2016/12/26,BKN,-275,235.0,216.0,7.0
463,DAL,2016/12/26,NOP,165,-185.0,199.0,4.5
464,PHX,2016/12/26,HOU,700,-1100.0,230.0,12.5
465,ATL,2016/12/26,MIN,-135,115.0,213.0,2.0
466,IND,2016/12/26,CHI,110,-130.0,204.0,4.0
467,TOR,2016/12/26,POR,-350,290.0,217.5,4.5
468,PHI,2016/12/26,SAC,305,-365.0,204.5,9.0
469,DEN,2016/12/26,LAC,-185,165.0,211.5,1.0
470,MEM,2016/12/27,BOS,280,-345.0,197.0,6.5
471,OKC,2016/12/27,MIA,-180,160.0,206.0,2.0
472,HOU,2016/12/27,DAL,-185,165.0,209.0,6.5
473,UTA,2016/12/27,LAL,-215,185.0,205.0,4.0
474,IND,2016/12/28,WAS,160,-180.0,211.5,4.0
475,CHA,2016/12/28,ORL,-185,165.0,205.0,2.5
476,MIL,2016/12/28,DET,135,-155.0,197.5,4.0
477,NYK,2016/12/28,ATL,185,-215.0,211.0,2.0
478,BKN,2016/12/28,CHI,425,-550.0,213.5,10.0
479,LAC,2016/12/28,NOP,-120,100.0,203.5,4.0
480,PHX,2016/12/28,SAS,600,-900.0,213.5,13.5
481,MIN,2016/12/28,DEN,150,-170.0,217.5,4.0
482,SAC,2016/12/28,POR,110,-130.0,211.0,2.0
483,TOR,2016/12/28,GSW,425,-550.0,226.5,9.0
484,MIA,2016/12/29,CHA,210,-250.0,199.0,6.0
485,BOS,2016/12/29,CLE,210,-250.0,215.0,7.0
486,OKC,2016/12/29,MEM,100,-120.0,199.5,1.5
487,PHI,2016/12/29,UTA,1000,-2000.0,194.5,11.5
488,TOR,2016/12/29,PHX,-420,350.0,219.5,8.0
489,DAL,2016/12/29,LAL,155,-175.0,203.0,3.0
490,CHI,2016/12/30,IND,150,-170.0,201.0,3.5
491,BKN,2016/12/30,WAS,270,-330.0,220.5,7.5
492,MIA,2016/12/30,BOS,400,-500.0,204.5,9.5
493,DET,2016/12/30,ATL,125,-145.0,203.0,4.0
494,MIL,2016/12/30,MIN,100,-120.0,209.0,1.0
495,NYK,2016/12/30,NOP,140,-160.0,212.0,2.0
496,LAC,2016/12/30,HOU,475,-650.0,218.5,5.0
497,POR,2016/12/30,SAS,400,-500.0,207.5,13.5
498,PHI,2016/12/30,DEN,450,-600.0,211.5,11.0
499,DAL,2016/12/30,GSW,1800,-8000.0,212.0,18.0
500,MEM,2016/12/31,SAC,-125,105.0,194.0,1.5
501,CLE,2016/12/31,CHA,-120,100.0,214.5,3.0
502,MIL,2016/12/31,CHI,130,-150.0,201.0,2.5
503,NYK,2016/12/31,HOU,800,-1400.0,221.5,9.0
504,PHX,2016/12/31,UTA,550,-800.0,206.5,9.5
505,LAC,2016/12/31,OKC,375,-450.0,206.0,5.5
506,ORL,2017/01/01,IND,200,-240.0,207.0,6.0
507,DET,2017/01/01,MIA,-280,240.0,196.0,3.5
508,SAS,2017/01/01,ATL,-200,175.0,204.0,3.5
509,POR,2017/01/01,MIN,210,-250.0,211.0,5.5
510,TOR,2017/01/01,LAL,-380,320.0,217.5,8.5
511,NOP,2017/01/02,CLE,350,-420.0,216.0,10.0
512,OKC,2017/01/02,MIL,100,-120.0,212.0,2.5
513,UTA,2017/01/02,BKN,-280,240.0,204.5,6.0
514,ORL,2017/01/02,NYK,155,-175.0,208.5,4.0
515,WAS,2017/01/02,HOU,290,-350.0,229.0,9.0
516,CHA,2017/01/02,CHI,-120,100.0,203.0,1.5
517,DEN,2017/01/02,GSW,1200,-3000.0,227.5,15.0
518,PHX,2017/01/02,LAC,170,-190.0,209.0,5.5
519,MIN,2017/01/03,PHI,-190,170.0,203.5,4.0
520,UTA,2017/01/03,BOS,185,-215.0,201.0,6.0
521,IND,2017/01/03,DET,175,-200.0,203.0,3.5
522,TOR,2017/01/03,SAS,215,-255.0,212.0,5.5
523,WAS,2017/01/03,DAL,-110,-110.0,202.0,1.0
524,MIA,2017/01/03,PHX,180,-210.0,209.5,2.5
525,SAC,2017/01/03,DEN,155,-175.0,214.0,0.0
526,MEM,2017/01/03,LAL,-210,180.0,203.5,2.5
527,ATL,2017/01/04,ORL,-130,110.0,205.0,3.0
528,OKC,2017/01/04,CHA,115,-135.0,210.0,3.5
529,MIL,2017/01/04,NYK,-170,150.0,213.0,0.0
530,CHI,2017/01/04,CLE,170,-190.0,208.5,8.0
531,MEM,2017/01/04,LAC,-125,105.0,198.5,0.0
532,POR,2017/01/04,GSW,1200,-3000.0,225.0,16.0
533,MIA,2017/01/04,SAC,280,-340.0,200.0,8.5
534,BKN,2017/01/05,IND,450,-600.0,219.0,10.5
535,UTA,2017/01/05,TOR,175,-200.0,203.0,6.5
536,CHA,2017/01/05,DET,180,-210.0,204.5,4.0
537,OKC,2017/01/05,HOU,330,-400.0,224.0,9.0
538,ATL,2017/01/05,NOP,100,-120.0,206.0,2.0
539,PHX,2017/01/05,DAL,185,-215.0,204.5,4.0
540,LAL,2017/01/05,POR,230,-270.0,214.0,3.5
541,SAS,2017/01/05,DEN,-300,250.0,213.0,6.5
542,MIN,2017/01/06,WAS,170,-190.0,210.5,4.0
543,HOU,2017/01/06,ORL,-200,175.0,223.0,4.5
544,CLE,2017/01/06,BKN,-1100,700.0,222.0,12.0
545,PHI,2017/01/06,BOS,525,-750.0,214.0,12.5
546,NYK,2017/01/06,MIL,190,-220.0,213.5,6.0
547,MIA,2017/01/06,LAL,120,-140.0,210.0,3.0
548,MEM,2017/01/06,GSW,750,-1200.0,214.5,14.0
549,LAC,2017/01/06,SAC,-140,120.0,206.0,1.5
550,NYK,2017/01/07,IND,260,-310.0,215.0,7.0
551,NOP,2017/01/07,BOS,220,-260.0,214.5,7.0
552,UTA,2017/01/07,MIN,-190,170.0,195.0,2.0
553,DEN,2017/01/07,OKC,300,-360.0,219.5,7.0
554,TOR,2017/01/07,CHI,-120,100.0,208.5,2.5
555,ATL,2017/01/07,DAL,-125,105.0,196.0,3.5
556,CHA,2017/01/07,SAS,550,-800.0,208.0,10.0
557,PHI,2017/01/08,BKN,-105,-115.0,214.0,2.5
558,MIA,2017/01/08,LAC,375,-450.0,207.5,10.0
559,WAS,2017/01/08,MIL,-120,100.0,213.0,4.0
560,HOU,2017/01/08,TOR,-135,115.0,224.5,0.0
561,UTA,2017/01/08,MEM,120,-140.0,187.0,2.0
562,CLE,2017/01/08,PHX,-420,350.0,220.0,9.0
563,GSW,2017/01/08,SAC,-850,575.0,222.5,9.5
564,ORL,2017/01/08,LAL,120,-140.0,217.0,1.5
565,DET,2017/01/08,POR,150,-170.0,215.0,3.5
566,NOP,2017/01/09,NYK,140,-160.0,214.0,4.0
567,DAL,2017/01/09,MIN,165,-185.0,196.0,5.0
568,OKC,2017/01/09,CHI,-120,100.0,207.0,2.0
569,CHI,2017/01/10,WAS,600,-900.0,203.0,10.0
570,BOS,2017/01/10,TOR,190,-220.0,218.0,4.5
571,ATL,2017/01/10,BKN,-380,320.0,214.0,6.5
572,CHA,2017/01/10,HOU,400,-500.0,224.5,9.5
573,MIL,2017/01/10,SAS,450,-600.0,205.5,10.0
574,CLE,2017/01/10,UTA,-120,100.0,202.5,2.5
575,POR,2017/01/10,LAL,-140,120.0,224.0,2.0
576,MIA,2017/01/10,GSW,1000,-2000.0,217.0,15.5
577,DET,2017/01/10,SAC,130,-150.0,207.0,1.5
578,NYK,2017/01/11,PHI,-130,110.0,209.0,2.0
579,WAS,2017/01/11,BOS,195,-230.0,217.0,5.5
580,MEM,2017/01/11,OKC,165,-185.0,205.0,4.5
581,HOU,2017/01/11,MIN,-160,140.0,219.0,4.0
582,CLE,2017/01/11,POR,-240,200.0,221.0,4.0
583,ORL,2017/01/11,LAC,475,-650.0,209.0,9.5
584,IND,2017/01/12,DEN,-180,160.0,223.0,1.5
585,NOP,2017/01/12,BKN,120,-140.0,214.0,5.0
586,CHI,2017/01/12,NYK,130,-150.0,204.5,2.5
587,LAL,2017/01/12,SAS,950,-1800.0,212.0,14.5
588,DAL,2017/01/12,PHX,-140,120.0,203.0,1.0
589,DET,2017/01/12,GSW,900,-1600.0,219.5,12.5
590,CHA,2017/01/13,PHI,-210,180.0,209.5,4.5
591,BKN,2017/01/13,TOR,1100,-2500.0,221.5,15.0
592,BOS,2017/01/13,ATL,140,-160.0,213.0,2.5
593,MIA,2017/01/13,MIL,300,-360.0,203.0,7.5
594,MEM,2017/01/13,HOU,290,-350.0,215.5,7.0
595,OKC,2017/01/13,MIN,-130,110.0,209.0,2.0
596,ORL,2017/01/13,POR,260,-315.0,213.5,7.0
597,DET,2017/01/13,UTA,500,-700.0,192.0,8.0
598,CLE,2017/01/13,SAC,-300,250.0,210.0,7.0
599,LAL,2017/01/14,LAC,600,-900.0,217.0,9.5
600,NOP,2017/01/14,CHI,145,-165.0,202.0,2.0
601,SAS,2017/01/14,PHX,-1100,700.0,213.0,12.0
602,PHI,2017/01/14,WAS,450,-600.0,207.0,9.5
603,ORL,2017/01/14,UTA,550,-800.0,194.0,10.5
604,NYK,2017/01/15,TOR,450,-600.0,217.5,10.0
605,MIL,2017/01/15,ATL,155,-175.0,208.0,3.5
606,MIN,2017/01/15,DAL,-110,-110.0,195.5,2.5
607,HOU,2017/01/15,BKN,-1800,950.0,232.0,12.5
608,CHI,2017/01/15,MEM,340,-410.0,191.5,6.5
609,OKC,2017/01/15,SAC,-125,105.0,212.0,1.5
610,DET,2017/01/15,LAL,-130,110.0,213.5,2.0
611,ATL,2017/01/16,NYK,-135,115.0,208.0,3.0
612,POR,2017/01/16,WAS,150,-170.0,220.0,3.5
613,PHI,2017/01/16,MIL,340,-410.0,206.5,7.0
614,NOP,2017/01/16,IND,180,-210.0,214.0,5.5
615,ORL,2017/01/16,DEN,200,-240.0,221.5,5.0
616,CHA,2017/01/16,BOS,190,-220.0,217.0,5.0
617,CLE,2017/01/16,GSW,320,-380.0,224.0,7.5
618,UTA,2017/01/16,PHX,-270,230.0,202.0,5.0
619,OKC,2017/01/16,LAC,320,-380.0,210.5,7.0
620,TOR,2017/01/17,BKN,-420,350.0,228.0,11.0
621,HOU,2017/01/17,MIA,-320,265.0,220.0,8.0
622,DAL,2017/01/17,CHI,180,-210.0,197.0,5.0
623,MIN,2017/01/17,SAS,700,-1100.0,203.0,10.5
624,DEN,2017/01/17,LAL,-115,-105.0,227.0,1.0
625,POR,2017/01/18,CHA,200,-240.0,216.5,5.5
626,MEM,2017/01/18,WAS,115,-135.0,203.0,3.0
627,TOR,2017/01/18,PHI,-230,195.0,210.0,5.0
628,NYK,2017/01/18,BOS,400,-500.0,220.0,8.0
629,ORL,2017/01/18,NOP,200,-240.0,209.5,6.0
630,ATL,2017/01/18,DET,-140,120.0,203.5,0.0
631,MIL,2017/01/18,HOU,220,-260.0,227.0,7.5
632,IND,2017/01/18,SAC,125,-145.0,215.0,1.5
633,OKC,2017/01/18,GSW,1000,-2000.0,227.0,12.5
634,PHX,2017/01/19,CLE,600,-900.0,220.0,12.5
635,DAL,2017/01/19,MIA,110,-130.0,195.5,1.0
636,WAS,2017/01/19,NYK,-125,105.0,216.5,2.5
637,DEN,2017/01/19,SAS,750,-1200.0,220.0,11.5
638,MIN,2017/01/19,LAC,-125,105.0,203.5,2.5
639,POR,2017/01/20,PHI,-135,115.0,209.5,0.0
640,TOR,2017/01/20,CHA,100,-120.0,216.5,0.0
641,MIL,2017/01/20,ORL,-160,140.0,210.0,2.5
642,BKN,2017/01/20,NOP,450,-600.0,218.5,10.0
643,CHI,2017/01/20,ATL,150,-170.0,204.0,5.0
644,SAC,2017/01/20,MEM,290,-350.0,203.0,6.5
645,GSW,2017/01/20,HOU,-210,180.0,237.5,4.0
646,UTA,2017/01/20,DAL,-220,190.0,187.5,5.0
647,IND,2017/01/20,LAL,-170,150.0,220.0,2.5
648,POR,2017/01/21,BOS,270,-330.0,219.0,7.0
649,WAS,2017/01/21,DET,105,-125.0,212.0,1.0
650,BKN,2017/01/21,CHA,650,-1000.0,220.0,11.5
651,PHI,2017/01/21,ATL,450,-600.0,201.0,9.0
652,MIL,2017/01/21,MIA,-130,110.0,206.0,0.0
653,PHX,2017/01/21,NYK,180,-210.0,221.0,5.5
654,HOU,2017/01/21,MEM,-110,-110.0,217.5,2.5
655,SAS,2017/01/21,CLE,140,-160.0,211.5,2.0
656,SAC,2017/01/21,CHI,240,-280.0,206.0,6.0
657,IND,2017/01/21,UTA,250,-300.0,203.0,6.5
658,LAC,2017/01/21,DEN,175,-200.0,218.5,3.0
659,GSW,2017/01/22,ORL,-1400,800.0,224.5,12.5
660,LAL,2017/01/22,DAL,210,-250.0,206.5,5.5
661,PHX,2017/01/22,TOR,650,-1000.0,221.5,11.5
662,DEN,2017/01/22,MIN,145,-165.0,221.0,4.5
663,WAS,2017/01/23,CHA,210,-250.0,214.5,4.5
664,SAC,2017/01/23,DET,250,-300.0,203.5,5.0
665,SAS,2017/01/23,BKN,-420,350.0,217.0,11.5
666,GSW,2017/01/23,MIA,-800,550.0,216.0,11.0
667,LAC,2017/01/23,ATL,260,-310.0,206.0,6.0
668,HOU,2017/01/23,MIL,-215,185.0,223.0,4.0
669,CLE,2017/01/23,NOP,-550,425.0,213.5,6.0
670,NYK,2017/01/23,IND,200,-240.0,220.0,5.5
671,OKC,2017/01/23,UTA,175,-200.0,203.0,6.5
672,BOS,2017/01/24,WAS,-105,-115.0,220.0,0.0
673,CHI,2017/01/24,ORL,-155,135.0,205.0,2.5
674,SAS,2017/01/24,TOR,115,-135.0,209.0,3.0
675,LAC,2017/01/24,PHI,-195,175.0,198.0,0.0
676,MIN,2017/01/24,PHX,-125,105.0,211.0,1.0
677,UTA,2017/01/24,DEN,105,-125.0,212.0,1.5
678,SAC,2017/01/25,CLE,575,-850.0,215.0,11.0
679,HOU,2017/01/25,BOS,-175,155.0,230.0,0.0
680,MIA,2017/01/25,BKN,-145,125.0,213.5,4.0
681,PHI,2017/01/25,MIL,600,-900.0,208.0,10.0
682,ATL,2017/01/25,CHI,-120,100.0,203.0,0.0
683,TOR,2017/01/25,MEM,180,-210.0,200.0,5.5
684,GSW,2017/01/25,CHA,-600,450.0,221.5,7.5
685,OKC,2017/01/25,NOP,-125,105.0,215.5,1.5
686,NYK,2017/01/25,DAL,125,-145.0,203.0,1.5
687,LAL,2017/01/25,POR,310,-370.0,220.0,10.5
688,IND,2017/01/26,MIN,135,-155.0,211.5,3.0
689,DAL,2017/01/26,OKC,375,-450.0,199.5,8.0
690,PHX,2017/01/26,DEN,245,-290.0,229.5,6.5
691,LAL,2017/01/26,UTA,900,-1600.0,202.0,13.0
692,HOU,2017/01/27,PHI,-300,250.0,218.0,7.5
693,SAC,2017/01/27,IND,165,-185.0,212.0,4.0
694,MIL,2017/01/27,TOR,200,-240.0,215.0,4.0
695,BKN,2017/01/27,CLE,1600,-6000.0,226.0,15.5
696,ORL,2017/01/27,BOS,270,-330.0,214.5,9.0
697,CHA,2017/01/27,NYK,-115,-105.0,212.5,1.0
698,WAS,2017/01/27,ATL,135,-155.0,213.0,4.0
699,MIA,2017/01/27,CHI,260,-310.0,202.5,6.0
700,SAS,2017/01/27,NOP,-320,265.0,208.0,5.5
701,MEM,2017/01/27,POR,105,-125.0,206.0,0.0
702,SAC,2017/01/28,CHA,235,-295.0,208.5,6.0
703,DET,2017/01/28,MIA,-150,130.0,201.5,2.5
704,BOS,2017/01/28,MIL,120,-140.0,217.5,0.0
705,LAC,2017/01/28,GSW,750,-1150.0,223.5,12.5
706,BKN,2017/01/28,MIN,500,-650.0,217.5,11.0
707,DEN,2017/01/28,PHX,140,-160.0,234.0,1.0
708,MEM,2017/01/28,UTA,295,-360.0,187.0,7.5
709,NYK,2017/01/29,ATL,210,-250.0,212.0,8.0
710,OKC,2017/01/29,CLE,290,-350.0,220.5,6.5
711,WAS,2017/01/29,NOP,-115,-105.0,218.0,1.0
712,ORL,2017/01/29,TOR,500,-700.0,210.5,9.5
713,HOU,2017/01/29,IND,-170,150.0,225.5,3.0
714,DAL,2017/01/29,SAS,650,-1000.0,196.0,13.0
715,PHI,2017/01/29,CHI,250,-300.0,206.0,6.5
716,GSW,2017/01/29,POR,-250,210.0,228.0,9.0
717,BKN,2017/01/30,MIA,310,-370.0,218.5,9.5
718,ORL,2017/01/30,MIN,320,-380.0,209.5,8.0
719,DET,2017/01/30,BOS,195,-230.0,212.5,6.0
720,CLE,2017/01/30,DAL,-185,165.0,205.0,5.0
721,MEM,2017/01/30,PHX,-170,150.0,210.0,3.0
722,SAC,2017/01/30,PHI,-150,130.0,206.0,1.5
723,NYK,2017/01/31,WAS,320,-380.0,217.5,8.0
724,NOP,2017/01/31,TOR,270,-330.0,214.5,7.5
725,SAC,2017/01/31,HOU,700,-1100.0,226.5,12.0
726,OKC,2017/01/31,SAS,425,-550.0,210.0,8.5
727,CHA,2017/01/31,POR,160,-180.0,214.5,3.0
728,DEN,2017/01/31,LAL,-110,-110.0,226.0,3.0
729,MIN,2017/02/01,CLE,230,-270.0,213.0,8.0
730,IND,2017/02/01,ORL,-150,130.0,212.0,2.5
731,ATL,2017/02/01,MIA,110,-130.0,204.0,1.0
732,NYK,2017/02/01,BKN,-150,130.0,223.0,2.0
733,NOP,2017/02/01,DET,265,-320.0,213.0,5.0
734,TOR,2017/02/01,BOS,210,-250.0,217.5,5.0
735,PHI,2017/02/01,DAL,280,-340.0,202.0,5.5
736,MIL,2017/02/01,UTA,280,-340.0,197.0,8.5
737,MEM,2017/02/01,DEN,-170,150.0,216.0,1.5
738,LAC,2017/02/01,PHX,-150,130.0,219.5,3.0
739,CHI,2017/02/01,OKC,120,-140.0,208.0,4.0
740,CHA,2017/02/01,GSW,1100,-2500.0,223.0,14.0
741,LAL,2017/02/02,WAS,475,-650.0,218.5,11.0
742,ATL,2017/02/02,HOU,425,-550.0,222.0,9.0
743,PHI,2017/02/02,SAS,1500,-5000.0,209.5,13.5
744,GSW,2017/02/02,LAC,-320,265.0,225.0,8.0
745,TOR,2017/02/03,ORL,-210,180.0,211.0,4.5
746,MIN,2017/02/03,DET,160,-180.0,211.0,3.5
747,IND,2017/02/03,BKN,-260,220.0,222.0,6.5
748,MEM,2017/02/03,OKC,-120,100.0,204.5,1.5
749,CHI,2017/02/03,HOU,400,-500.0,223.0,7.0
750,LAL,2017/02/03,BOS,525,-750.0,221.0,11.5
751,MIL,2017/02/03,DEN,135,-155.0,223.0,2.0
752,DAL,2017/02/03,POR,210,-250.0,207.0,4.5
753,PHX,2017/02/03,SAC,155,-175.0,218.0,4.5
754,ORL,2017/02/04,ATL,260,-310.0,206.5,7.5
755,DET,2017/02/04,IND,130,-150.0,211.0,4.5
756,NOP,2017/02/04,WAS,250,-300.0,217.0,7.0
757,PHI,2017/02/04,MIA,375,-450.0,208.0,8.5
758,CLE,2017/02/04,NYK,-180,160.0,219.5,6.0
759,MEM,2017/02/04,MIN,165,-185.0,202.5,1.5
760,DEN,2017/02/04,SAS,750,-1200.0,219.5,11.5
761,MIL,2017/02/04,PHX,-125,105.0,218.0,0.0
762,CHA,2017/02/04,UTA,310,-370.0,197.0,7.5
763,GSW,2017/02/04,SAC,-2000,1000.0,225.0,14.0
764,TOR,2017/02/05,BKN,-280,240.0,216.5,6.5
765,LAC,2017/02/05,BOS,210,-250.0,222.0,5.5
766,POR,2017/02/05,OKC,185,-215.0,215.5,4.5
767,CLE,2017/02/06,WAS,-120,100.0,220.0,0.0
768,LAL,2017/02/06,NYK,175,-200.0,220.0,5.0
769,OKC,2017/02/06,IND,175,-200.0,210.5,4.0
770,LAC,2017/02/06,TOR,235,-275.0,216.0,5.0
771,UTA,2017/02/06,ATL,-110,-110.0,196.5,1.0
772,PHI,2017/02/06,DET,350,-420.0,213.0,10.0
773,MIA,2017/02/06,MIN,-105,-115.0,207.0,1.5
774,PHX,2017/02/06,NOP,195,-230.0,221.0,4.0
775,DAL,2017/02/06,DEN,125,-145.0,214.0,2.5
776,SAS,2017/02/06,MEM,-105,-115.0,203.5,2.0
777,CHI,2017/02/06,SAC,165,-185.0,206.5,2.0
778,BKN,2017/02/07,CHA,450,-600.0,217.0,10.5
779,ORL,2017/02/07,HOU,600,-900.0,223.0,11.5
780,POR,2017/02/07,DAL,-145,125.0,204.5,0.0
781,CLE,2017/02/08,IND,-165,145.0,214.0,2.5
782,SAS,2017/02/08,PHI,-1000,650.0,212.0,8.0
783,DEN,2017/02/08,ATL,150,-170.0,222.0,5.0
784,LAL,2017/02/08,DET,240,-280.0,216.0,8.0
785,WAS,2017/02/08,BKN,-550,425.0,220.0,9.5
786,MIA,2017/02/08,MIL,155,-175.0,208.5,2.0
787,PHX,2017/02/08,MEM,280,-340.0,211.0,10.0
788,UTA,2017/02/08,NOP,-165,145.0,202.0,4.5
789,TOR,2017/02/08,MIN,-155,135.0,212.5,2.5
790,LAC,2017/02/08,NYK,-120,100.0,219.0,0.0
791,CHI,2017/02/08,GSW,1800,-8000.0,222.0,13.5
792,BOS,2017/02/08,SAC,-420,350.0,211.5,8.5
793,PHI,2017/02/09,ORL,230,-270.0,211.5,5.0
794,HOU,2017/02/09,CHA,-140,120.0,223.5,3.5
795,CLE,2017/02/09,OKC,-105,-115.0,213.5,4.0
796,UTA,2017/02/09,DAL,-140,120.0,193.0,2.5
797,BOS,2017/02/09,POR,130,-150.0,219.5,1.5
798,MIA,2017/02/10,BKN,-230,195.0,212.0,7.0
799,SAS,2017/02/10,DET,-200,175.0,208.0,4.0
800,DEN,2017/02/10,NYK,110,-130.0,228.5,1.5
801,LAL,2017/02/10,MIL,190,-220.0,219.0,4.0
802,NOP,2017/02/10,MIN,175,-200.0,214.0,3.5
803,IND,2017/02/10,WAS,200,-240.0,214.5,5.0
804,GSW,2017/02/10,MEM,-340,280.0,215.5,7.0
805,ATL,2017/02/10,SAC,-125,105.0,208.5,1.0
806,CHI,2017/02/10,PHX,-165,145.0,217.0,2.5
807,LAC,2017/02/11,CHA,120,-140.0,216.5,2.5
808,MIL,2017/02/11,IND,210,-250.0,212.0,6.0
809,MIA,2017/02/11,PHI,-135,115.0,206.5,4.5
810,DEN,2017/02/11,CLE,625,-950.0,228.5,12.5
811,GSW,2017/02/11,OKC,-360,300.0,226.0,7.5
812,PHX,2017/02/11,HOU,1300,-3500.0,231.0,13.5
813,ORL,2017/02/11,DAL,220,-260.0,203.0,6.0
814,BOS,2017/02/11,UTA,225,-265.0,203.5,5.0
815,SAS,2017/02/12,NYK,-500,400.0,213.0,7.5
816,CHI,2017/02/12,MIN,250,-300.0,209.0,0.0
817,DET,2017/02/12,TOR,240,-280.0,212.5,6.0
818,NOP,2017/02/12,SAC,155,-175.0,210.0,3.5
819,PHI,2017/02/13,CHA,290,-350.0,212.0,9.0
820,OKC,2017/02/13,WAS,220,-260.0,218.5,5.0
821,ORL,2017/02/13,MIA,290,-350.0,208.5,8.5
822,MEM,2017/02/13,BKN,-400,330.0,208.0,8.5
823,SAS,2017/02/13,IND,-210,180.0,208.5,3.0
824,DET,2017/02/13,MIL,125,-145.0,212.0,3.5
825,BOS,2017/02/13,DAL,-130,110.0,209.0,1.5
826,NOP,2017/02/13,PHX,145,-165.0,220.0,2.5
827,GSW,2017/02/13,DEN,-1000,650.0,238.0,11.0
828,LAC,2017/02/13,UTA,320,-380.0,207.5,7.0
829,ATL,2017/02/13,POR,115,-135.0,217.0,2.5
830,TOR,2017/02/14,CHI,-180,160.0,205.0,4.5
831,CLE,2017/02/14,MIN,-190,170.0,219.0,3.5
832,SAC,2017/02/14,LAL,125,-145.0,218.0,0.0
833,IND,2017/02/15,CLE,220,-260.0,219.0,6.0
834,SAS,2017/02/15,ORL,-650,475.0,206.0,10.0
835,DAL,2017/02/15,DET,175,-200.0,200.5,4.5
836,MIL,2017/02/15,BKN,-210,180.0,219.0,6.0
837,PHI,2017/02/15,BOS,450,-600.0,219.0,10.0
838,CHA,2017/02/15,TOR,210,-250.0,213.0,6.5
839,MIA,2017/02/15,HOU,450,-600.0,224.0,10.0
840,NOP,2017/02/15,MEM,300,-360.0,205.0,8.0
841,MIN,2017/02/15,DEN,210,-250.0,225.5,5.5
842,LAL,2017/02/15,PHX,160,-180.0,226.0,4.0
843,POR,2017/02/15,UTA,375,-450.0,204.5,8.5
844,NYK,2017/02/15,OKC,250,-300.0,218.0,7.0
845,ATL,2017/02/15,LAC,140,-160.0,212.5,3.5
846,SAC,2017/02/15,GSW,2000,-9100.0,225.0,18.0
847,WAS,2017/02/16,IND,-145,125.0,216.5,1.5
848,BOS,2017/02/16,CHI,-120,100.0,212.0,1.0
849,POR,2017/02/23,ORL,-140,120.0,213.0,2.0
850,CHA,2017/02/23,DET,165,-185.0,208.0,4.5
851,HOU,2017/02/23,NOP,-160,140.0,227.0,3.0
852,NYK,2017/02/23,CLE,475,-650.0,223.0,10.5
853,DEN,2017/02/23,SAC,-270,230.0,222.0,5.5
854,LAC,2017/02/23,GSW,800,-1400.0,229.0,13.5
855,MEM,2017/02/24,IND,-110,-110.0,207.0,1.0
856,WAS,2017/02/24,PHI,-480,390.0,217.0,8.0
857,BOS,2017/02/24,TOR,105,-125.0,216.0,2.5
858,MIA,2017/02/24,ATL,125,-145.0,207.0,3.5
859,UTA,2017/02/24,MIL,-160,140.0,200.5,2.0
860,LAL,2017/02/24,OKC,475,-650.0,221.0,10.5
861,PHX,2017/02/24,CHI,220,-260.0,215.5,6.5
862,DAL,2017/02/24,MIN,145,-165.0,203.0,3.5
863,BKN,2017/02/24,DEN,450,-600.0,231.0,10.0
864,SAS,2017/02/24,LAC,-145,125.0,212.5,4.0
865,CHA,2017/02/25,SAC,-165,145.0,207.0,2.0
866,ATL,2017/02/25,ORL,-170,150.0,207.0,3.0
867,PHI,2017/02/25,NYK,230,-270.0,215.5,5.0
868,IND,2017/02/25,MIA,170,-190.0,209.5,3.5
869,NOP,2017/02/25,DAL,-130,110.0,205.0,1.0
870,CHI,2017/02/25,CLE,220,-260.0,216.5,9.0
871,MIN,2017/02/25,HOU,775,-1300.0,228.0,10.5
872,BKN,2017/02/25,GSW,2950,-4400.0,233.0,22.0
873,SAS,2017/02/26,LAL,-900,600.0,212.0,10.0
874,PHX,2017/02/26,MIL,210,-250.0,222.0,6.5
875,UTA,2017/02/26,WAS,105,-125.0,205.5,3.0
876,MEM,2017/02/26,DEN,110,-130.0,215.0,1.0
877,POR,2017/02/26,TOR,185,-215.0,212.5,4.5
878,BOS,2017/02/26,DET,-135,115.0,214.5,1.5
879,NOP,2017/02/26,OKC,210,-250.0,214.0,4.5
880,CHA,2017/02/26,LAC,550,-800.0,213.0,8.0
881,TOR,2017/02/27,NYK,-160,140.0,212.5,2.0
882,MIL,2017/02/27,CLE,450,-600.0,217.0,8.0
883,GSW,2017/02/27,PHI,-2500,1100.0,230.0,14.0
884,ATL,2017/02/27,BOS,170,-190.0,214.0,5.0
885,IND,2017/02/27,HOU,450,-600.0,229.0,10.0
886,MIA,2017/02/27,DAL,-115,-105.0,199.0,1.0
887,MIN,2017/02/27,SAC,-180,160.0,210.0,4.0
888,GSW,2017/02/28,WAS,-310,260.0,229.5,6.5
889,POR,2017/02/28,DET,155,-175.0,213.0,5.0
890,DEN,2017/02/28,CHI,120,-140.0,222.5,4.5
891,PHX,2017/02/28,MEM,350,-420.0,211.0,10.0
892,UTA,2017/02/28,OKC,-140,120.0,203.0,0.0
893,CHA,2017/02/28,LAL,-200,175.0,215.0,3.0
894,NYK,2017/03/01,ORL,115,-135.0,215.0,1.5
895,WAS,2017/03/01,TOR,165,-185.0,213.0,3.0
896,PHI,2017/03/01,MIA,425,-550.0,212.0,7.5
897,DAL,2017/03/01,ATL,210,-250.0,194.0,5.0
898,CLE,2017/03/01,BOS,110,-130.0,221.5,1.0
899,DEN,2017/03/01,MIL,165,-185.0,226.5,3.5
900,DET,2017/03/01,NOP,120,-140.0,209.0,1.0
901,IND,2017/03/01,SAS,450,-600.0,210.0,10.5
902,MIN,2017/03/01,UTA,225,-265.0,201.0,7.0
903,HOU,2017/03/01,LAC,120,-140.0,232.0,1.5
904,BKN,2017/03/01,SAC,120,-140.0,213.5,4.0
905,GSW,2017/03/02,CHI,-335,275.0,219.5,6.0
906,CHA,2017/03/02,PHX,-160,140.0,218.0,3.0
907,OKC,2017/03/02,POR,-115,-105.0,220.0,1.5
908,TOR,2017/03/03,WAS,180,-210.0,209.0,5.0
909,NYK,2017/03/03,PHI,-135,115.0,218.5,1.5
910,MIA,2017/03/03,ORL,-210,180.0,210.5,4.0
911,CLE,2017/03/03,ATL,-155,135.0,214.0,3.0
912,LAC,2017/03/03,MIL,-215,185.0,216.0,2.5
913,MEM,2017/03/03,DAL,-145,125.0,190.0,2.5
914,BKN,2017/03/03,UTA,800,-1400.0,206.5,14.0
915,OKC,2017/03/03,PHX,-200,175.0,225.0,3.5
916,SAS,2017/03/03,NOP,-240,200.0,206.0,5.5
917,BOS,2017/03/03,LAL,-310,260.0,221.5,8.0
918,DET,2017/03/04,PHI,-240,200.0,210.0,4.0
919,CLE,2017/03/04,MIA,320,-380.0,216.0,3.5
920,TOR,2017/03/04,MIL,-105,-115.0,206.0,2.0
921,LAC,2017/03/04,CHI,-155,135.0,213.0,1.5
922,MIN,2017/03/04,SAS,280,-340.0,206.5,8.5
923,MEM,2017/03/04,HOU,340,-410.0,218.0,8.0
924,CHA,2017/03/04,DEN,190,-220.0,222.0,5.0
925,BKN,2017/03/04,POR,525,-750.0,227.0,9.5
926,IND,2017/03/05,ATL,130,-150.0,208.0,3.0
927,GSW,2017/03/05,NYK,-800,550.0,221.0,9.0
928,ORL,2017/03/05,WAS,650,-1000.0,215.0,12.0
929,BOS,2017/03/05,PHX,-180,160.0,225.0,5.5
930,UTA,2017/03/05,SAC,-550,425.0,196.0,10.0
931,OKC,2017/03/05,DAL,100,-120.0,204.0,1.0
932,NOP,2017/03/05,LAL,-260,220.0,213.0,5.5
933,NYK,2017/03/06,ORL,125,-145.0,210.0,0.0
934,MIA,2017/03/06,CLE,400,-500.0,217.0,7.5
935,MIL,2017/03/06,PHI,-220,190.0,214.0,3.0
936,CHI,2017/03/06,DET,200,-240.0,204.5,3.5
937,GSW,2017/03/06,ATL,-240,200.0,216.0,6.0
938,IND,2017/03/06,CHA,155,-175.0,209.0,2.5
939,BKN,2017/03/06,MEM,600,-900.0,214.0,12.0
940,HOU,2017/03/06,SAS,145,-165.0,219.0,4.0
941,NOP,2017/03/06,UTA,175,-200.0,197.0,7.5
942,SAC,2017/03/06,DEN,500,-700.0,219.0,13.0
943,BOS,2017/03/06,LAC,260,-310.0,216.5,5.0
944,POR,2017/03/07,OKC,235,-275.0,223.5,6.0
945,LAL,2017/03/07,DAL,375,-450.0,206.5,10.0
946,WAS,2017/03/07,PHX,-210,180.0,225.5,3.5
947,CHI,2017/03/08,ORL,-110,-110.0,203.0,2.0
948,CHA,2017/03/08,MIA,165,-185.0,207.0,4.0
949,BKN,2017/03/08,ATL,450,-600.0,219.0,9.5
950,NYK,2017/03/08,MIL,225,-265.0,213.0,5.0
951,LAC,2017/03/08,MIN,-155,135.0,211.0,2.5
952,TOR,2017/03/08,NOP,130,-150.0,201.5,1.5
953,DET,2017/03/08,IND,145,-165.0,205.0,3.5
954,UTA,2017/03/08,HOU,330,-400.0,216.0,5.5
955,SAC,2017/03/08,SAS,550,-800.0,200.0,16.0
956,WAS,2017/03/08,DEN,-125,105.0,227.0,1.0
957,BOS,2017/03/08,GSW,280,-340.0,224.0,9.0
958,CLE,2017/03/09,DET,-180,160.0,216.0,3.5
959,SAS,2017/03/09,OKC,-150,130.0,212.5,3.0
960,LAC,2017/03/09,MEM,125,-145.0,208.0,1.5
961,PHI,2017/03/09,POR,425,-550.0,223.0,10.0
962,LAL,2017/03/09,PHX,230,-270.0,229.0,7.0
963,ORL,2017/03/10,CHA,390,-480.0,205.0,7.5
964,GSW,2017/03/10,MIN,-210,180.0,217.5,4.5
965,HOU,2017/03/10,CHI,-250,210.0,224.5,4.5
966,TOR,2017/03/10,ATL,125,-145.0,199.5,1.0
967,IND,2017/03/10,MIL,110,-130.0,209.5,2.5
968,BOS,2017/03/10,DEN,-140,120.0,225.0,2.5
969,BKN,2017/03/10,DAL,475,-650.0,214.0,9.5
970,WAS,2017/03/10,SAC,-380,320.0,214.5,8.0
971,UTA,2017/03/11,OKC,170,-190.0,205.0,2.0
972,PHI,2017/03/11,LAC,1100,-2500.0,217.5,13.5
973,NYK,2017/03/11,DET,210,-250.0,212.0,6.0
974,NOP,2017/03/11,CHA,145,-165.0,201.5,3.0
975,CLE,2017/03/11,ORL,-400,330.0,215.0,9.0
976,TOR,2017/03/11,MIA,190,-220.0,203.0,4.0
977,MIN,2017/03/11,MIL,135,-155.0,203.0,2.0
978,GSW,2017/03/11,SAS,500,-700.0,203.0,10.0
979,PHX,2017/03/11,DAL,200,-240.0,215.0,7.5
980,ATL,2017/03/11,MEM,220,-260.0,201.5,4.5
981,WAS,2017/03/11,POR,165,-185.0,226.0,0.0
982,DEN,2017/03/11,SAC,-200,175.0,217.0,6.0
983,CHI,2017/03/12,BOS,250,-300.0,208.0,7.0
984,MIA,2017/03/12,IND,230,-270.0,207.0,3.5
985,NYK,2017/03/12,BKN,100,-120.0,221.5,1.5
986,CLE,2017/03/12,HOU,245,-290.0,231.0,4.5
987,POR,2017/03/12,PHX,-130,110.0,232.0,2.0
988,PHI,2017/03/12,LAL,165,-185.0,221.0,3.5
989,CHI,2017/03/13,CHA,270,-330.0,200.0,6.5
990,DAL,2017/03/13,TOR,170,-190.0,198.5,5.0
991,ATL,2017/03/13,SAS,260,-310.0,200.0,7.5
992,MIL,2017/03/13,MEM,150,-170.0,203.0,4.0
993,WAS,2017/03/13,MIN,110,-130.0,216.0,1.0
994,LAC,2017/03/13,UTA,115,-135.0,201.0,1.0
995,LAL,2017/03/13,DEN,775,-1300.0,231.0,11.0
996,ORL,2017/03/13,SAC,-120,100.0,206.5,0.0
997,DET,2017/03/14,CLE,280,-340.0,215.0,8.5
998,IND,2017/03/14,NYK,-155,135.0,211.5,2.5
999,OKC,2017/03/14,BKN,-270,230.0,225.0,6.0
1000,POR,2017/03/14,NOP,145,-165.0,217.0,2.5
1001,PHI,2017/03/14,GSW,1600,-6000.0,223.0,16.0
1002,CHA,2017/03/15,IND,120,-140.0,203.0,1.5
1003,DAL,2017/03/15,WAS,270,-330.0,208.0,7.5
1004,MIN,2017/03/15,BOS,200,-240.0,210.5,6.0
1005,NOP,2017/03/15,MIA,210,-250.0,208.0,6.0
1006,UTA,2017/03/15,DET,-150,130.0,199.0,3.0
1007,MEM,2017/03/15,CHI,-135,115.0,200.5,0.0
1008,POR,2017/03/15,SAS,600,-900.0,212.5,10.5
1009,LAL,2017/03/15,HOU,1900,-9000.0,236.0,17.0
1010,SAC,2017/03/15,PHX,190,-220.0,218.5,6.0
1011,MIL,2017/03/15,LAC,280,-340.0,212.0,8.0
1012,UTA,2017/03/16,CLE,320,-380.0,210.0,6.0
1013,OKC,2017/03/16,TOR,110,-130.0,208.5,3.0
1014,MEM,2017/03/16,ATL,150,-170.0,205.0,4.0
1015,BKN,2017/03/16,NYK,180,-210.0,219.5,3.5
1016,LAC,2017/03/16,DEN,200,-240.0,222.0,2.5
1017,ORL,2017/03/16,GSW,1000,-2000.0,218.0,13.5
1018,DAL,2017/03/17,PHI,-220,190.0,206.0,3.5
1019,CHI,2017/03/17,WAS,270,-330.0,208.5,6.5
1020,TOR,2017/03/17,DET,140,-160.0,199.5,3.5
1021,BOS,2017/03/17,BKN,-420,350.0,220.5,9.0
1022,MIN,2017/03/17,MIA,160,-180.0,208.5,4.5
1023,HOU,2017/03/17,NOP,-265,225.0,227.5,5.0
1024,ORL,2017/03/17,PHX,110,-130.0,221.0,2.5
1025,MIL,2017/03/17,LAL,-360,300.0,215.5,5.5
1026,SAC,2017/03/18,OKC,800,-1400.0,215.0,12.5
1027,POR,2017/03/18,ATL,110,-130.0,214.0,3.0
1028,WAS,2017/03/18,CHA,155,-175.0,213.5,1.0
1029,CLE,2017/03/18,LAC,800,-1400.0,219.5,1.5
1030,UTA,2017/03/18,CHI,-260,220.0,193.0,7.0
1031,SAS,2017/03/18,MEM,-165,145.0,198.0,4.0
1032,HOU,2017/03/18,DEN,-145,125.0,238.0,3.5
1033,MIL,2017/03/18,GSW,525,-750.0,217.0,11.5
1034,DAL,2017/03/19,BKN,-200,175.0,208.5,4.5
1035,BOS,2017/03/19,PHI,-210,180.0,208.0,5.0
1036,PHX,2017/03/19,DET,700,-1100.0,214.5,9.0
1037,POR,2017/03/19,MIA,210,-250.0,214.0,7.0
1038,IND,2017/03/19,TOR,125,-145.0,201.0,4.0
1039,MIN,2017/03/19,NOP,145,-165.0,206.5,2.0
1040,SAC,2017/03/19,SAS,1000,-2000.0,201.0,13.0
1041,CLE,2017/03/19,LAL,-1100,700.0,224.0,10.0
1042,PHI,2017/03/20,ORL,210,-250.0,211.0,5.5
1043,ATL,2017/03/20,CHA,180,-210.0,203.0,5.0
1044,UTA,2017/03/20,IND,-140,120.0,192.0,3.0
1045,WAS,2017/03/20,BOS,155,-175.0,215.5,1.5
1046,DEN,2017/03/20,HOU,300,-360.0,238.5,9.0
1047,GSW,2017/03/20,OKC,-130,110.0,222.0,3.0
1048,NYK,2017/03/20,LAC,500,-700.0,215.5,11.0
1049,CHI,2017/03/21,TOR,270,-330.0,202.0,6.5
1050,DET,2017/03/21,BKN,-210,180.0,216.5,4.5
1051,PHX,2017/03/21,MIA,650,-1000.0,215.5,11.0
1052,MEM,2017/03/21,NOP,120,-140.0,205.0,2.0
1053,GSW,2017/03/21,DAL,-200,175.0,209.0,4.5
1054,SAS,2017/03/21,MIN,-200,175.0,205.5,5.0
1055,MIL,2017/03/21,POR,155,-175.0,214.0,4.0
1056,LAC,2017/03/21,LAL,-600,450.0,221.0,8.5
1057,CHA,2017/03/22,ORL,-190,170.0,205.0,4.0
1058,IND,2017/03/22,BOS,225,-265.0,208.5,8.5
1059,DET,2017/03/22,CHI,-130,110.0,199.0,1.5
1060,ATL,2017/03/22,WAS,270,-330.0,214.5,7.0
1061,PHI,2017/03/22,OKC,600,-900.0,219.5,10.5
1062,CLE,2017/03/22,DEN,-135,115.0,230.0,4.0
1063,MIL,2017/03/22,SAC,-230,195.0,205.5,4.0
1064,NYK,2017/03/22,UTA,575,-850.0,202.0,10.0
1065,TOR,2017/03/23,MIA,160,-180.0,203.0,3.0
1066,PHX,2017/03/23,BKN,190,-220.0,220.0,2.5
1067,LAC,2017/03/23,DAL,-215,185.0,206.5,3.5
1068,MEM,2017/03/23,SAS,320,-380.0,199.0,9.0
1069,NYK,2017/03/23,POR,800,-1400.0,218.5,9.5
1070,BKN,2017/03/24,WAS,500,-700.0,224.0,12.5
1071,DEN,2017/03/24,IND,105,-125.0,221.0,2.0
1072,CLE,2017/03/24,CHA,-160,140.0,215.5,2.5
1073,DET,2017/03/24,ORL,-130,110.0,207.0,3.5
1074,PHX,2017/03/24,BOS,1500,-5000.0,219.0,13.5
1075,ATL,2017/03/24,MIL,220,-260.0,202.0,4.5
1076,NOP,2017/03/24,HOU,300,-360.0,228.5,7.5
1077,PHI,2017/03/24,CHI,230,-270.0,210.0,6.0
1078,MIN,2017/03/24,LAL,-270,230.0,219.5,6.0
1079,SAC,2017/03/24,GSW,2000,-9900.0,214.0,18.0
1080,UTA,2017/03/25,LAC,175,-200.0,204.0,4.0
1081,WAS,2017/03/25,CLE,210,-250.0,215.0,1.0
1082,NYK,2017/03/25,SAS,1100,-2500.0,203.5,16.0
1083,TOR,2017/03/25,DAL,-115,-105.0,195.0,1.0
1084,MIN,2017/03/25,POR,210,-250.0,217.0,6.0
1085,BKN,2017/03/26,ATL,240,-280.0,214.0,6.5
1086,PHX,2017/03/26,CHA,850,-1500.0,215.0,11.5
1087,SAC,2017/03/26,LAC,900,-1600.0,211.0,13.5
1088,OKC,2017/03/26,HOU,190,-220.0,233.0,7.0
1089,CHI,2017/03/26,MIL,220,-260.0,200.0,6.0
1090,MIA,2017/03/26,BOS,210,-250.0,209.0,4.0
1091,PHI,2017/03/26,IND,375,-450.0,211.0,8.5
1092,MEM,2017/03/26,GSW,575,-850.0,209.0,9.5
1093,NOP,2017/03/26,DEN,275,-335.0,228.0,5.0
1094,POR,2017/03/26,LAL,-300,250.0,223.0,6.0
1095,ORL,2017/03/27,TOR,290,-350.0,206.0,9.0
1096,DET,2017/03/27,NYK,-110,-110.0,207.5,2.5
1097,CLE,2017/03/27,SAS,190,-220.0,213.0,4.5
1098,OKC,2017/03/27,DAL,-120,100.0,207.0,1.0
1099,NOP,2017/03/27,UTA,190,-220.0,200.0,7.0
1100,MEM,2017/03/27,SAC,-280,240.0,199.0,6.5
1101,MIN,2017/03/28,IND,155,-175.0,208.0,5.0
1102,MIL,2017/03/28,CHA,160,-180.0,204.0,3.0
1103,MIA,2017/03/28,DET,-150,130.0,204.0,2.0
1104,PHX,2017/03/28,ATL,450,-600.0,215.0,7.5
1105,PHI,2017/03/28,BKN,155,-175.0,221.5,2.5
1106,GSW,2017/03/28,HOU,100,-120.0,234.0,1.0
1107,DEN,2017/03/28,POR,115,-135.0,226.5,2.5
1108,WAS,2017/03/28,LAL,-500,400.0,226.0,9.0
1109,ATL,2017/03/29,PHI,-140,120.0,208.0,1.0
1110,OKC,2017/03/29,ORL,-220,190.0,218.0,5.5
1111,CHA,2017/03/29,TOR,180,-210.0,205.0,6.0
1112,MIA,2017/03/29,NYK,-135,115.0,210.0,3.0
1113,MIL,2017/03/29,BOS,250,-300.0,208.0,8.0
1114,IND,2017/03/29,MEM,155,-175.0,197.5,5.0
1115,DAL,2017/03/29,NOP,210,-250.0,200.5,4.0
1116,GSW,2017/03/29,SAS,165,-185.0,209.5,4.5
1117,UTA,2017/03/29,SAC,-340,280.0,195.5,7.5
1118,WAS,2017/03/29,LAC,210,-250.0,219.5,5.0
1119,BKN,2017/03/30,DET,220,-260.0,213.0,6.5
1120,CLE,2017/03/30,CHI,-220,190.0,210.5,5.5
1121,LAL,2017/03/30,MIN,550,-800.0,221.5,10.0
1122,LAC,2017/03/30,PHX,-550,425.0,218.5,11.0
1123,HOU,2017/03/30,POR,-110,-110.0,228.5,1.0
1124,DEN,2017/03/31,CHA,115,-135.0,221.5,1.0
1125,IND,2017/03/31,TOR,180,-215.0,207.0,6.0
1126,PHI,2017/03/31,CLE,973,-1777.0,219.0,10.5
1127,ORL,2017/03/31,BOS,477,-650.0,217.5,11.0
1128,NYK,2017/03/31,MIA,523,-730.0,208.0,9.5
1129,DET,2017/03/31,MIL,263,-325.0,200.0,8.5
1130,DAL,2017/03/31,MEM,140,-160.0,192.0,5.5
1131,SAC,2017/03/31,NOP,639,-950.0,205.5,9.5
1132,WAS,2017/03/31,UTA,125,-145.0,206.5,3.5
1133,SAS,2017/03/31,OKC,-155,135.0,209.0,1.0
1134,HOU,2017/03/31,GSW,351,-450.0,231.0,6.5
1135,LAL,2017/04/01,LAC,1100,-2500.0,225.5,15.0
1136,ATL,2017/04/01,CHI,195,-230.0,202.5,3.5
1137,ORL,2017/04/01,BKN,155,-175.0,222.0,3.5
1138,SAC,2017/04/01,MIN,700,-1100.0,210.0,11.0
1139,PHX,2017/04/01,POR,575,-850.0,220.5,13.0
1140,BOS,2017/04/02,NYK,-350,290.0,211.0,6.5
1141,CHA,2017/04/02,OKC,175,-200.0,216.0,5.5
1142,DAL,2017/04/02,MIL,210,-250.0,196.0,5.5
1143,UTA,2017/04/02,SAS,180,-210.0,191.5,5.0
1144,MEM,2017/04/02,LAL,-300,250.0,208.0,8.0
1145,DEN,2017/04/02,MIA,140,-160.0,220.0,4.0
1146,IND,2017/04/02,CLE,300,-360.0,214.0,9.0
1147,ATL,2017/04/02,BKN,-150,130.0,215.5,1.0
1148,CHI,2017/04/02,NOP,300,-360.0,209.0,6.0
1149,PHI,2017/04/02,TOR,575,-850.0,212.0,11.0
1150,WAS,2017/04/02,GSW,400,-500.0,224.0,10.0
1151,HOU,2017/04/02,PHX,-310,260.0,234.0,11.5
1152,POR,2017/04/03,MIN,105,-125.0,218.0,0.0
1153,BKN,2017/04/04,PHI,-135,115.0,219.0,1.5
1154,ORL,2017/04/04,CLE,550,-800.0,221.5,11.0
1155,TOR,2017/04/04,IND,120,-140.0,205.0,0.0
1156,CHA,2017/04/04,WAS,125,-145.0,217.5,5.5
1157,CHI,2017/04/04,NYK,-200,175.0,207.0,3.0
1158,MIL,2017/04/04,OKC,210,-250.0,211.0,4.5
1159,DEN,2017/04/04,NOP,135,-155.0,229.5,3.0
1160,MEM,2017/04/04,SAS,375,-450.0,193.0,8.0
1161,DAL,2017/04/04,SAC,-150,130.0,196.0,1.0
1162,MIN,2017/04/04,GSW,1000,-2000.0,220.5,13.0
1163,POR,2017/04/04,UTA,200,-240.0,205.0,7.0
1164,MIA,2017/04/05,CHA,130,-150.0,207.0,1.5
1165,TOR,2017/04/05,DET,-155,135.0,198.0,1.5
1166,CLE,2017/04/05,BOS,155,-175.0,218.5,3.0
1167,DEN,2017/04/05,HOU,290,-350.0,241.0,8.0
1168,OKC,2017/04/05,MEM,-140,120.0,203.0,1.5
1169,LAL,2017/04/05,SAS,900,-1600.0,204.0,11.0
1170,GSW,2017/04/05,PHX,-450,375.0,217.5,7.5
1171,DAL,2017/04/05,LAC,550,-800.0,203.5,12.0
1172,BKN,2017/04/06,ORL,100,-120.0,227.5,2.0
1173,CHI,2017/04/06,PHI,-240,200.0,211.0,5.5
1174,MIL,2017/04/06,IND,165,-185.0,200.5,3.5
1175,WAS,2017/04/06,NYK,-245,205.0,217.0,5.0
1176,BOS,2017/04/06,ATL,-120,100.0,209.0,1.5
1177,MIN,2017/04/06,POR,180,-210.0,219.5,6.0
1178,MIA,2017/04/07,TOR,165,-185.0,207.5,5.0
1179,ATL,2017/04/07,CLE,1300,-3500.0,214.0,10.0
1180,DET,2017/04/07,HOU,550,-800.0,223.0,11.0
1181,NYK,2017/04/07,MEM,800,-1400.0,200.0,11.0
1182,SAS,2017/04/07,DAL,180,-210.0,186.5,6.0
1183,MIN,2017/04/07,UTA,550,-800.0,204.5,8.5
1184,NOP,2017/04/07,DEN,250,-300.0,231.5,6.0
1185,OKC,2017/04/07,PHX,-500,400.0,226.0,8.0
1186,SAC,2017/04/07,LAL,125,-145.0,213.0,2.5
1187,CHI,2017/04/08,BKN,-160,140.0,215.5,3.0
1188,BOS,2017/04/08,CHA,-110,-110.0,214.0,1.0
1189,IND,2017/04/08,ORL,-185,165.0,210.5,3.5
1190,MIA,2017/04/08,WAS,145,-165.0,216.0,5.5
1191,MIL,2017/04/08,PHI,-300,250.0,207.0,5.0
1192,LAC,2017/04/08,SAS,105,-125.0,206.5,4.0
1193,UTA,2017/04/08,POR,125,-145.0,202.0,1.5
1194,NOP,2017/04/08,GSW,1600,-6000.0,219.0,13.0
1195,TOR,2017/04/09,NYK,-500,400.0,203.0,7.5
1196,CLE,2017/04/09,ATL,-210,180.0,214.0,1.5
1197,OKC,2017/04/09,DEN,190,-220.0,229.0,4.5
1198,DET,2017/04/09,MEM,190,-220.0,198.0,8.5
1199,HOU,2017/04/09,SAC,-500,400.0,222.5,10.0
1200,DAL,2017/04/09,PHX,120,-140.0,212.5,1.5
1201,MIN,2017/04/09,LAL,-230,195.0,221.0,4.0
1202,IND,2017/04/10,PHI,-400,330.0,211.0,7.0
1203,CLE,2017/04/10,MIA,450,-600.0,211.5,2.0
1204,BKN,2017/04/10,BOS,550,-800.0,223.0,10.5
1205,WAS,2017/04/10,DET,190,-220.0,212.0,2.5
1206,ORL,2017/04/10,CHI,330,-400.0,212.0,7.5
1207,CHA,2017/04/10,MIL,225,-265.0,201.0,4.0
1208,SAS,2017/04/10,POR,-600,450.0,204.5,3.5
1209,UTA,2017/04/10,GSW,450,-600.0,209.5,8.0
1210,HOU,2017/04/10,LAC,350,-420.0,228.5,4.5
1211,CHA,2017/04/11,ATL,280,-340.0,206.0,7.5
1212,OKC,2017/04/11,MIN,270,-330.0,217.0,1.0
1213,DEN,2017/04/11,DAL,110,-130.0,213.5,1.0
1214,NOP,2017/04/11,LAL,120,-140.0,219.0,1.5
1215,PHX,2017/04/11,SAC,180,-210.0,218.0,3.5
1216,MIN,2017/04/12,HOU,300,-360.0,227.0,7.0
1217,DAL,2017/04/12,MEM,330,-400.0,194.0,5.5
1218,DEN,2017/04/12,OKC,200,-240.0,220.0,3.0
1219,TOR,2017/04/12,CLE,-165,145.0,206.0,3.5
1220,ATL,2017/04/12,IND,1100,-2500.0,207.0,7.5
1221,MIL,2017/04/12,BOS,1000,-2000.0,207.0,12.0
1222,DET,2017/04/12,ORL,100,-120.0,209.0,0.0
1223,PHI,2017/04/12,NYK,130,-150.0,202.0,3.0
1224,WAS,2017/04/12,MIA,475,-650.0,207.5,8.5
1225,BKN,2017/04/12,CHI,1200,-3000.0,214.0,9.0
1226,SAS,2017/04/12,UTA,160,-180.0,189.5,4.0
1227,NOP,2017/04/12,POR,250,-300.0,211.0,12.5
1228,LAL,2017/04/12,GSW,700,-1100.0,221.5,16.0
1229,SAC,2017/04/12,LAC,1500,-5000.0,211.5,15.5
